{"x": -0.16280571289062498, "y": 0.22505495605468748, "z": 9.753977563476562, "orientation": "Portrait, up, front"}{"x": -0.1149216796875, "y": 0.296881005859375, "z": 9.782707983398437, "orientation": "Portrait, up, front"}{"x": -0.143652099609375, "y": 0.24899697265624998, "z": 9.777919580078125, "orientation": "Portrait, up, front"}{"x": -0.12449848632812499, "y": 0.2154781494140625, "z": 9.706093530273437, "orientation": "Portrait, up, front"}{"x": 4.3239281982421875, "y": -0.32561142578124996, "z": 9.787496386718749, "orientation": "Landscape, left, front"}{"x": -0.9002198242187499, "y": 0.5123591552734374, "z": 9.82580361328125, "orientation": "Landscape, left, front"}{"x": -0.062249243164062495, "y": -0.9193734375, "z": 9.80665, "orientation": "Landscape, left, front"}{"x": -0.2346317626953125, "y": 2.9496564453125, "z": 9.854534033203125, "orientation": "Portrait, up, front"}{"x": -0.16280571289062498, "y": 0.229843359375, "z": 9.739612353515625, "orientation": "Portrait, up, front"}{"x": -0.16280571289062498, "y": 0.2442085693359375, "z": 9.782707983398437, "orientation": "Portrait, up, front"}{"x": -0.181959326171875, "y": 0.2442085693359375, "z": 9.931148486328125, "orientation": "Landscape, left, front"}{"x": -0.15322890625, "y": 0.229843359375, "z": 9.7683427734375, "orientation": "Landscape, left, front"}{"time": "Wed Nov 18 13:44:58 2020", "x": -0.21068974609375, "y": 0.2825157958984375, "z": 9.715670336914062, "orientation": "Portrait, up, front"}{"time": "Wed Nov 18 13:44:59 2020", "x": -0.1580173095703125, "y": 0.24899697265624998, "z": 9.744400756835937, "orientation": "Portrait, up, front"}{"time": "Wed Nov 18 13:45:00 2020", "x": -0.15322890625, "y": 0.2825157958984375, "z": 9.773131176757811, "orientation": "Portrait, up, front"}{"time": "Wed Nov 18 13:45:01 2020", "x": -0.1484405029296875, "y": 0.2059013427734375, "z": 9.763554370117188, "orientation": "Portrait, up, front"}{"time": "Wed Nov 18 13:45:02 2020", "x": -0.22505495605468748, "y": 0.17238251953125, "z": 9.773131176757811, "orientation": "Landscape, left, front"}{"time": "Wed Nov 18 13:45:03 2020", "x": -0.5363011718749999, "y": -1.5322890624999999, "z": 9.86411083984375, "orientation": "Landscape, left, front"}{"time": "Wed Nov 18 13:45:04 2020", "x": 3.2800562744140622, "y": 0.0383072265625, "z": 9.720458740234374, "orientation": "Landscape, left, front"}{"time": "Wed Nov 18 13:45:05 2020", "x": -0.47884033203125, "y": 4.055777612304687, "z": 9.878476049804688, "orientation": "Landscape, left, front"}{"time": "Wed Nov 18 13:45:06 2020", "x": 1.7381904052734374, "y": 0.21068974609375, "z": 9.8449572265625, "orientation": "Portrait, up, front"}{"time": "Wed Nov 18 13:45:07 2020", "x": -0.13407529296874998, "y": 0.26336218261718747, "z": 9.86411083984375, "orientation": "Portrait, up, front"}{"x": -0.2825157958984375, "y": 0.143652099609375, "z": 9.888052856445311, "orientation": "Portrait, up, front"}{"x": -0.2920926025390625, "y": 0.1484405029296875, "z": 9.797073193359374, "orientation": "Portrait, up, front"}{"x": -0.239420166015625, "y": 0.17238251953125, "z": 9.763554370117188, "orientation": "Portrait, up, front"}{"time": "2020-11-18 14:17:19.731421", "x": -0.2537853759765625, "y": 0.181959326171875, "z": 9.80665, "orientation": "Portrait, up, front"}{"time": "2020-11-18 14:17:20.741801", "x": -0.239420166015625, "y": 0.15322890625, "z": 9.758765966796874, "orientation": "Portrait, up, front"}{"time": "2020-11-18 14:17:21.751356", "x": -0.239420166015625, "y": 0.201112939453125, "z": 9.749189160156249, "orientation": "Portrait, up, front"}{"time": "2020-11-18 14:17:22.760801", "x": -0.17238251953125, "y": 0.27293898925781246, "z": 9.926360083007811, "orientation": "Portrait, up, front"}{"time": "2020-11-18 14:17:23.769478", "x": -0.26336218261718747, "y": 0.1580173095703125, "z": 9.763554370117188, "orientation": "Portrait, down, front"}{"time": "2020-11-18 14:36:25.437480", "x": -0.258573779296875, "y": 0.181959326171875, "z": 9.811438403320311, "orientation": "Portrait, up, front"}{"time": "2020-11-18 14:36:26.448039", "x": -0.229843359375, "y": 0.1580173095703125, "z": 9.753977563476562, "orientation": "Portrait, up, front"}{"time": "2020-11-18 14:36:27.456943", "x": -0.239420166015625, "y": 0.16759411621093748, "z": 9.811438403320311, "orientation": "Portrait, up, front"}{"time": "2020-11-18 14:36:28.465992", "x": -0.26336218261718747, "y": 0.1771709228515625, "z": 9.801861596679688, "orientation": "Portrait, up, front"}{"time": "2020-11-18 14:38:13.038705", "x": -0.258573779296875, "y": 0.1388636962890625, "z": 9.859322436523437, "orientation": "Portrait, up, front"}
{"time": "2020-11-18 14:38:14.047360", "x": -0.24899697265624998, "y": 0.1388636962890625, "z": 9.782707983398437, "orientation": "Portrait, up, front"}
{"time": "2020-11-18 14:38:15.056271", "x": -0.24899697265624998, "y": 0.1580173095703125, "z": 9.821015209960937, "orientation": "Portrait, up, front"}
{"time": "2020-11-18 14:38:16.065286", "x": -0.26336218261718747, "y": 0.1771709228515625, "z": 9.801861596679688, "orientation": "Portrait, up, front"}
{"time": "2020-11-18 14:38:17.074091", "x": -0.258573779296875, "y": 0.16280571289062498, "z": 9.773131176757811, "orientation": "Portrait, up, front"}
{"time": "2020-11-18 14:38:18.083052", "x": -0.2825157958984375, "y": 0.1484405029296875, "z": 9.7683427734375, "orientation": "Portrait, up, front"}
{"time": "2020-11-18 14:38:19.091989", "x": -0.258573779296875, "y": 0.1149216796875, "z": 9.801861596679688, "orientation": "Portrait, up, front"}
{"time": "2020-11-18 14:38:20.101022", "x": -0.24899697265624998, "y": 0.143652099609375, "z": 9.787496386718749, "orientation": "Portrait, up, front"}
{"time": "2020-11-18 14:38:21.109908", "x": -0.2537853759765625, "y": 0.1771709228515625, "z": 9.744400756835937, "orientation": "Portrait, up, front"}
{"time": "2020-11-18 14:38:22.118948", "x": -0.24899697265624998, "y": 0.1580173095703125, "z": 9.777919580078125, "orientation": "Portrait, up, front"}
